"Row","Username","Name","LastSeen","Verdict"
"11","dalvarez","Denise Alvarez","3/1/2026 4:55:20 AM","READY"
"12","pnakamura","Peter Nakamura","12/8/2025 4:55:20 AM","READY"
"13","gokonkwo","Grace Okonkwo","4/13/2026 4:55:20 AM","READY"
"15","awhitlock","Aaron Whitlock","5/12/2026 4:55:20 AM","READY"
"16","bferreiro","Bianca Ferreiro","4/26/2026 4:55:21 AM","READY"
"21","tvance","Theresa Vance","5/25/2026 4:55:21 AM","READY"
"22","dmbeki","Douglas Mbeki","4/30/2026 4:55:21 AM","READY"
"24","apetrova","Alina Petrova","5/31/2026 4:55:21 AM","READY"
"25","wcho","Wendell Cho","3/15/2026 4:55:21 AM","READY"
"26","rquaye","Rosalind Quaye","4/17/2026 4:55:21 AM","READY"
"27","mdelacroix","Marcus Delacroix","5/9/2026 4:55:21 AM","READY"
"28","isorokin","Ivan Sorokin","6/15/2026 4:55:21 AM","READY"
"31","lansari","Lucy Ansari","6/19/2026 4:55:21 AM","READY"
"32","bfeld","Bruno Feld","6/8/2026 4:55:22 AM","READY"
"33","yadeyemi","Yusuf Adeyemi","2/16/2026 4:55:22 AM","READY"
"34","test.user","Test Account","11/14/2022 9:47:47 PM","READY"
"35","moyelaran","Marguerite Oyelaran","5/17/2026 4:55:22 AM","READY"
"36","cpetrie","Callum Petrie","4/21/2026 4:55:22 AM","READY"
"37","hyoshida","Hana Yoshida","6/3/2026 4:55:22 AM","READY"
"38","ebergstrom","Elias Bergstrom","3/31/2026 4:55:22 AM","READY"
"39","smarchetti","Sylvia Marchetti","5/5/2026 4:55:22 AM","READY"
"40","nosei","Nathaniel Osei","5/22/2026 4:55:22 AM","READY"
